6888a736757ec6e27a06dca7eb4a9179e34525dcb9a9cb4cb3eb063ed14615d4	LIVE_VALIDATION_REPORT.md
80bdaefac221577d3d45b67954de10b16a4deb1318b92a403ccb71fa1e91ab12	implementation_report.md
0a6b2ff697d4ea9f7d0facbe4c2e0f498de5d91fd7816a64f0902bfe2b63d741	db72279_behavior_audit.md
7885924cf600b348f13a0b597c84dc270016f6c822c39e0abd2be825fd32d36f	db72282_batch1_audit.md
d72421315c95c5c116a6965602c893fd0261e29e2e2256b69ba0707b04c55677	DB72280_72281_72283_RULE_AUDIT.md
be2a3a9c732372449590055e20f6291a67d889b84124a5cc11a68563f5ca7ea3	evidence_reports/20260812-181548-136139Z-FAIL-no-game-id.json
116550239c4c9de8ce354408ccdcd8709f81e5dcb9aa88e0f46f1c0e5b6d9c5d	evidence_reports/20260812-181806-053614Z-PASS-114f29e633c3-e789-91e1-b420-28691f10.json
2873895f8e15d3e9d0e8e8e545e67740c3843f7ce58512c31f11849d33ebe154	evidence_reports/20260812-182034-798914Z-PASS-7a4415d3bb4c-7c18-39a1-7dfb-88691f10.json
5c8fb47a140141414fd9ce1509636c44ffacb5fe536798d5f94d65023e1d5920	evidence_reports/20260812-182423-028195Z-PASS-078e2d97242f-f949-61d1-df25-d8691f10.json
ebaf4f749d5164bd5b2cb40b95b60ce9d37df292430f1586ac41cab8fcfdb2c4	evidence_reports/20260812-182501-152563Z-PASS-4bfb6bf5b40a-52f9-7cd1-0c12-f7691f10.json
da7b4f007fa6c6fbceb8bc21c1958fff7702cf9b737bef3d10285061f4e3cd6a	evidence_reports/20260812-182553-943881Z-FAIL-9360e0f26d6d-e41a-5721-1756-b7691f10.json
